http://swojs.ibict.br/portal/files/original/0244277a444b8fb81c9bf26e6a845a9f2fc38201.mp4	6800368	507ea451892e9fe5492b81f8632afbe682724a47d6e5e35f94a712d439bb8a35	0244277a444b8fb81c9bf26e6a845a9f2fc38201.mp4
http://swojs.ibict.br/portal/files/original/061763a472127b0548fa765baa47fb0755d1ee11.mp4	3938273	0bfc3ad96cec6296ab8f2a4da732b8ae84165b046971d72d80268a911803244b	061763a472127b0548fa765baa47fb0755d1ee11.mp4
http://swojs.ibict.br/portal/files/original/0793e618eb722b6facaed7961904d5bf48b0db20.jpeg	49458	a079aba2ab07faae1e7b399affae33eed9b74f92f8af3be3d45f34b8b8de7ef7	0793e618eb722b6facaed7961904d5bf48b0db20.jpeg
http://swojs.ibict.br/portal/files/original/07b3bd4afcee6d5b979478a387f7dca043c8dd10.mp4	2908281	14bb2104d9356937ddaff82b4a479691fc568968bb1e2cd34002a23ae972ea59	07b3bd4afcee6d5b979478a387f7dca043c8dd10.mp4
http://swojs.ibict.br/portal/files/original/07c3456b7c71f37fc1f87d97d56244fb09a3b7a6.mp4	18778457	910faa4d037eef22b2dde57f6a5f0848e10303464578c01a19781dbfe0fc9f29	07c3456b7c71f37fc1f87d97d56244fb09a3b7a6.mp4
http://swojs.ibict.br/portal/files/original/095d982e24a615f0acf051cef7d2ff60874b3a96.mp4	3442302	56d5fa4388b2b49859c54245e5260fe759cb1691fdaa3fc997a20c82047a7e01	095d982e24a615f0acf051cef7d2ff60874b3a96.mp4
http://swojs.ibict.br/portal/files/original/0a9a2ddc297b8602abfb26d22d3f258b2a6dca26.mp4	2271156	b0a6817ae75cad7e5594d9ca3f7c99aaccc64be188a2209ead17932d6f621f85	0a9a2ddc297b8602abfb26d22d3f258b2a6dca26.mp4
http://swojs.ibict.br/portal/files/original/0ac577758e79a1c33e14a2597f92ce2db90d38fc.mp4	2484628	917f43e1fd5dd13f5ebc911786af8e0b868b53d68576824ac0d83b7c77448514	0ac577758e79a1c33e14a2597f92ce2db90d38fc.mp4
http://swojs.ibict.br/portal/files/original/0b5acd01adfaa14a90ae8658f32e32a029d23e2f.mp4	2482630	ed65f6bdb97c9ab1677d6e6cbe09cde7defaca2717d5bfd28816fa1eaa203bbf	0b5acd01adfaa14a90ae8658f32e32a029d23e2f.mp4
http://swojs.ibict.br/portal/files/original/0b9a9d0307f2713f3d7ddb921f6950f7c60c339b.mp4	3861094	693fcec5a12eef800247113cb4ca900fbc4762eabfbc68e6de26a7949c035af2	0b9a9d0307f2713f3d7ddb921f6950f7c60c339b.mp4
http://swojs.ibict.br/portal/files/original/0bda21287b335f80f2f1d3ab2a793947610c6868.mp4	4062985	1c1ab65ec3f4ce3053b16d92a03207510420d55845530b7242b6219408c99125	0bda21287b335f80f2f1d3ab2a793947610c6868.mp4
http://swojs.ibict.br/portal/files/original/0be561112541c9f872820c984f7d2c7d61664ee7.mp4	2747972	77a0d728736e93fab62aae0ba220dd2107fc5f5f4006d232390d72e96d65e569	0be561112541c9f872820c984f7d2c7d61664ee7.mp4
http://swojs.ibict.br/portal/files/original/0fbeb664c70d0430ac14ce38aaed84094f37815b.mp4	4097689	d25f2bdaa7e7eb9682d9c0c966c9072cdd9a2671f54ad5f2c963bc900ff6aa0d	0fbeb664c70d0430ac14ce38aaed84094f37815b.mp4
http://swojs.ibict.br/portal/files/original/0fd4aece1d60592b20947cc2d6230964ffb5b7d0.mp4	2732704	c3c92bcf95095861a15b37c0a024c4bb7668f49c595618c970ea8498a057791b	0fd4aece1d60592b20947cc2d6230964ffb5b7d0.mp4
http://swojs.ibict.br/portal/files/original/101d76365ce17f130cead477727c7b9e40914f51.mp4	3189580	caa632cc4559a56f348e10a3d18f47dfa6de5d23a286f7d9457f79537838d37c	101d76365ce17f130cead477727c7b9e40914f51.mp4
http://swojs.ibict.br/portal/files/original/11322df2f2caba7af9eeac3bf627fb1ae019b800.mp4	2484519	bcf9f531656850ddd4f0f4e922f4e193606987009559ba7241256cdb1df672a2	11322df2f2caba7af9eeac3bf627fb1ae019b800.mp4
http://swojs.ibict.br/portal/files/original/119c10c387ed59510a1bb5a8ec9def36371d8162.mp4	4363815	09e7bb2b3b12e7911dc830208341d17b401c59d163f57fd79161cf631a9f214e	119c10c387ed59510a1bb5a8ec9def36371d8162.mp4
http://swojs.ibict.br/portal/files/original/12bebc031f2d6009b107de137bf46f37a19a7b0e.mp4	4188204	4d0d8cba94192d56b3b4af5081677c56138ffd0754e17539c7078d02f5434ea7	12bebc031f2d6009b107de137bf46f37a19a7b0e.mp4
http://swojs.ibict.br/portal/files/original/134ae59cfa5150fbf1769b5f1ca9ba52220f2648.mp4	2447938	a996b6bf7a9ec8da70a6d68a7a152de311cb4fee5fb738480f34340035d93482	134ae59cfa5150fbf1769b5f1ca9ba52220f2648.mp4
http://swojs.ibict.br/portal/files/original/16b109ecad6216310d1401bf01de6713bcbbe592.mp4	4719374	85609546bf6a7e4fd2661c60fe828c0184df6df4b0228205ac76a9cc857b5a5f	16b109ecad6216310d1401bf01de6713bcbbe592.mp4
http://swojs.ibict.br/portal/files/original/17798bebd714bad5bb4e1749af3bdb240f343f99.mp4	5148504	f70dd98382bbee65ab80bc538a53abf12d8236c9eccdb96605a5ec8c48187243	17798bebd714bad5bb4e1749af3bdb240f343f99.mp4
http://swojs.ibict.br/portal/files/original/17e6e0e25475f2c850b509448d7e2befd33380fe.mp4	14327153	b5a88bec498858bef4d7a39436d5d0c5a4281d00273d1819c80b5ba6cbecf1a9	17e6e0e25475f2c850b509448d7e2befd33380fe.mp4
http://swojs.ibict.br/portal/files/original/18370d467b0a6a8dc25c7e602d73fbf4b9379951.pdf	12445133	7d3d4c32145ef036e32b020d6d32e7386660148a5a0f928ab71f813dbee02446	18370d467b0a6a8dc25c7e602d73fbf4b9379951.pdf
http://swojs.ibict.br/portal/files/original/18cfbbe3702b0e3fdbc11a9218eb7d6c328d0671.mp4	8196612	19aa20b97c7556bf9c944d20ef040f184cd1b74d63543c38e45492134a28556b	18cfbbe3702b0e3fdbc11a9218eb7d6c328d0671.mp4
http://swojs.ibict.br/portal/files/original/1add918de5f0a86167a374aedf4493e921ac9af6.mp4	8120079	99a86ddb2395203cbc208266f03f5d8b64e90f184a0ad650c276f51584863f41	1add918de5f0a86167a374aedf4493e921ac9af6.mp4
http://swojs.ibict.br/portal/files/original/1c89b8a9e20b72ec04c91357aec83af2ff029b84.mp4	3037211	5a035e3e165b910635faaa2d0d553d860b55fdf7985accd9a5ecca82b1bf726d	1c89b8a9e20b72ec04c91357aec83af2ff029b84.mp4
http://swojs.ibict.br/portal/files/original/1d6b11a77759e5e4dd54bae84554702f9d324f67.mp4	3235286	5fa4e456265702d10390877de0bfcbbb4943d5e2dab01e6dad4bc6d2d781e6bf	1d6b11a77759e5e4dd54bae84554702f9d324f67.mp4
http://swojs.ibict.br/portal/files/original/1ebf73da6ff34714491354378b4fad513a198f76.mp4	1913731	869ab4e49660b3567dcfc010f387e87a1d4e8f9c50d79c3077b471ce6e04c63e	1ebf73da6ff34714491354378b4fad513a198f76.mp4
http://swojs.ibict.br/portal/files/original/1edb4d700e32fc50473b22b6cc8f5f28d5b065f5.mp4	2587375	1bc0e0e879a2119daf5d1d6a416d886cf9b1337bf6ff22d49b152530bb69f08c	1edb4d700e32fc50473b22b6cc8f5f28d5b065f5.mp4
http://swojs.ibict.br/portal/files/original/1ffbd23ed8e5ef93a4364c7de2bfef3fb64c5864.mp4	2908281	14bb2104d9356937ddaff82b4a479691fc568968bb1e2cd34002a23ae972ea59	1ffbd23ed8e5ef93a4364c7de2bfef3fb64c5864.mp4
http://swojs.ibict.br/portal/files/original/218e82cd6250688b844d00633caea286b6a3100c.mp4	2610172	042347a79c289fd63fe98eafd0f17779b39977e61283cbec70212e132693304b	218e82cd6250688b844d00633caea286b6a3100c.mp4
http://swojs.ibict.br/portal/files/original/24b4f382e97d88e5d058f4bdee6db8769b6cd777.mp4	3257058	33562fbd78059193e9c8897937e572500a189cd5bb3f36dbfcd580f2e93f9329	24b4f382e97d88e5d058f4bdee6db8769b6cd777.mp4
http://swojs.ibict.br/portal/files/original/2641dabaeb4f21cf90c17efc556f44191923e00e.mp4	7090614	75f2a41b207ce9c7cc2cb06e0f28c196cf5499129ec9c9c6ad97283acd21b153	2641dabaeb4f21cf90c17efc556f44191923e00e.mp4
http://swojs.ibict.br/portal/files/original/27ebd74c429c7dd6d963e7700735d88a5e692b15.mp4	5945495	44d4964729c2ddf16fe60392f5ef438f6f5d2699e39e68cd661eaaef4fbfb6bf	27ebd74c429c7dd6d963e7700735d88a5e692b15.mp4
http://swojs.ibict.br/portal/files/original/28a6fb8507b1e10a6b6b3e2b71043f95ee3f9308.mp4	5869524	064e37f582b31e0d5370dce4c6cef0ba40cc8ca343733938717385bc36e1b15d	28a6fb8507b1e10a6b6b3e2b71043f95ee3f9308.mp4
http://swojs.ibict.br/portal/files/original/2c816665283a994e8c580d0291af4955c882cd6a.mp4	11239148	b8b070c9bef32c186068ac606a6df9c1dbd9baa914133032fa1e721d922103bd	2c816665283a994e8c580d0291af4955c882cd6a.mp4
http://swojs.ibict.br/portal/files/original/2d1c32ea0e81c23ede948c1380cb6c0f71caf182.mp4	1962451	f04703f36d0722612316f03648fb2f24a13eec36da357cf450b8ad3794538e28	2d1c32ea0e81c23ede948c1380cb6c0f71caf182.mp4
http://swojs.ibict.br/portal/files/original/2dad4122b4dca1faf1353d12f1018be641447ced.mp4	5987709	1f72631fc8ae06fb8aaed583cb2bbf83fbd10a9ba845817102c7331900104216	2dad4122b4dca1faf1353d12f1018be641447ced.mp4
http://swojs.ibict.br/portal/files/original/2dc8a6798dbdde399693c631b7bdf421b4fae043.png	142196	d2962cff7868d69c0eb882b64c8b15340006843c82636b09179333dce942e132	2dc8a6798dbdde399693c631b7bdf421b4fae043.png
http://swojs.ibict.br/portal/files/original/2dd7849a156713f36c904ce32d19cd8131c84fe8.mp4	5214970	2f0cdf30a40c32d18955107f003dc343031dba18019091bee6fb03ecb8f3b30f	2dd7849a156713f36c904ce32d19cd8131c84fe8.mp4
http://swojs.ibict.br/portal/files/original/32c8afcdee74470f7b187926bea1a9711f66fc3e.mp4	1588166	5cc742fd1c04c0a1ff3d25a7060bdf124189fffec24081378d4ce9e54b8e63dc	32c8afcdee74470f7b187926bea1a9711f66fc3e.mp4
http://swojs.ibict.br/portal/files/original/32f1b377c2e4800a8407e99d68916e79029ed6c5.mp4	3114226	83da74cd4f42170d58d9d6e54d889c409b17bc67f751f93d96311efc694d4cf4	32f1b377c2e4800a8407e99d68916e79029ed6c5.mp4
http://swojs.ibict.br/portal/files/original/34b97619d683db880d28a9af07d9b18845a5dfbb.mp4	1470689	415977b7dd3cdf89f67f052db10d8260e7a6d968cea8867001af8288d8d7ce17	34b97619d683db880d28a9af07d9b18845a5dfbb.mp4
http://swojs.ibict.br/portal/files/original/34e347424ea7823397c4a0ce00557c727f34e210.mp4	4701454	19bc4f4edd63684190537b9624eaaa4ff19ce4a507d9433c7d2c2b1d7be667ee	34e347424ea7823397c4a0ce00557c727f34e210.mp4
http://swojs.ibict.br/portal/files/original/359009301176d01473f3e68da8b7d6104fa4fc16.mp4	9255192	4a83bf1deca9869604f4f578096754d70d2fbedf2fa3984f36fcbbc5c938832f	359009301176d01473f3e68da8b7d6104fa4fc16.mp4
http://swojs.ibict.br/portal/files/original/35cf5ce239b18300ee7e665521a5309e55b8f94a.mp4	6423922	932df238964141cf205748e74ad68d52a2b7837ecde85a736b1207fa028bcb14	35cf5ce239b18300ee7e665521a5309e55b8f94a.mp4
http://swojs.ibict.br/portal/files/original/37368ad7e9106c070da5f1905b9c38f71e95d242.mp4	1962451	f04703f36d0722612316f03648fb2f24a13eec36da357cf450b8ad3794538e28	37368ad7e9106c070da5f1905b9c38f71e95d242.mp4
http://swojs.ibict.br/portal/files/original/39a1e944d49e8c8aecb8ccce9397cfb4284767c0.mp4	5021797	5c5d4165fdea5df9e18216151550afa67dc3479294dbd1b3c559246bfe0d9918	39a1e944d49e8c8aecb8ccce9397cfb4284767c0.mp4
http://swojs.ibict.br/portal/files/original/3a3bc63c15862ca5776a8a743811eda00b713627.mp4	5589245	9775b0db181f907c6f1a7621a795a60285d69ae7d737bf2b45a368b9e201fb28	3a3bc63c15862ca5776a8a743811eda00b713627.mp4
http://swojs.ibict.br/portal/files/original/3adc78b497bf881bb63ae8066632ec5a5c70a189.jpg	109083	f9999b96cf9770e6bc9a0ee412fa7e95b1149534d113c56d260f79d3d389fb87	3adc78b497bf881bb63ae8066632ec5a5c70a189.jpg
http://swojs.ibict.br/portal/files/original/3cb8ee9a928a4cadd54b0398308c1902fb62da4f.mp4	3163373	1c886a02926fb361bbfc958b730f50c0e1f7e9118e33cd2f79a90b1224320ba7	3cb8ee9a928a4cadd54b0398308c1902fb62da4f.mp4
http://swojs.ibict.br/portal/files/original/40f16c2446c75ed14b7e0c2dd5b7ff5731b3bb53.mp4	24681420	c195c52c9d6f66ca0bcf0e4211274c2b07477e056162487013a8e2b086cf3fc5	40f16c2446c75ed14b7e0c2dd5b7ff5731b3bb53.mp4
http://swojs.ibict.br/portal/files/original/42897852549109a0078d76631dd4ffeb277ad97f.mp4	3910089	f80f7f76e7364374b942290ee006c8f5c8a6cdf72a684955e8d75674e7c6d524	42897852549109a0078d76631dd4ffeb277ad97f.mp4
http://swojs.ibict.br/portal/files/original/42a603cb24b7429efa8f9afc6aaeef2600dbec42.mp4	16532193	73cc03945ecd6d7e314eec6b11b527176e04216020e9e14907640b928aba070a	42a603cb24b7429efa8f9afc6aaeef2600dbec42.mp4
http://swojs.ibict.br/portal/files/original/439a685f0d9352f297558ceb36ad5ed26133c03b.mp4	4163849	ee22a9cbbd58917b2c43f97f0b5fe2b3b2fe836eea01c09813c8d2f2f3210cfe	439a685f0d9352f297558ceb36ad5ed26133c03b.mp4
http://swojs.ibict.br/portal/files/original/472a5cf5699b1598db5879c52b041ea9d732a43e.mp4	2282657	f1f236dc2d3382b323cdcb7b219b04ff1bf06a57a887cc3e9cea11fb6a685cb3	472a5cf5699b1598db5879c52b041ea9d732a43e.mp4
http://swojs.ibict.br/portal/files/original/47fddf6d4e614524b3645f5e5e0bc4a9373d78e6.mp4	2652425	a26e9e6729f9ae9c72141f7ceb8859d147a0e98012d384962842f3b5672e906e	47fddf6d4e614524b3645f5e5e0bc4a9373d78e6.mp4
http://swojs.ibict.br/portal/files/original/489412f0d56d0264e5ac8594d30067c756b8ccdf.mp4	4877358	df141b74f7c0698088d5d8ffb76665533cfe89f9a2d2a21fa7d7d2d5a099e749	489412f0d56d0264e5ac8594d30067c756b8ccdf.mp4
http://swojs.ibict.br/portal/files/original/4918ebc0beda1415651a66a6c4449875165c8ed2.mp4	4455950	bf25fac82b37274b32c17ca34cd44bed5fc2482609219e61d3fa4c59ca000f27	4918ebc0beda1415651a66a6c4449875165c8ed2.mp4
http://swojs.ibict.br/portal/files/original/4a0917d9090cd5b025914bc54231b891bffdd09a.mp4	6998195	dd9e67898459ab28339c6d5bfd7288ee5a0581a31b8c05c252f6b4d648b6ff57	4a0917d9090cd5b025914bc54231b891bffdd09a.mp4
http://swojs.ibict.br/portal/files/original/4adf702a0ab8843a75a3ba3fa624376f6e35c01f.mp4	7867659	c35bb4162a27b2bd9f9d34d319a8ba8c2e5b3d62d6c0eb5ad506ab5bff1ad065	4adf702a0ab8843a75a3ba3fa624376f6e35c01f.mp4
http://swojs.ibict.br/portal/files/original/4c7d64987168063b247c000f7d7938b50f99c724.mp4	4221968	2e6d8f0223cf17da62302e52ec09c04d190a96ecd13947c53770e9f18a52b43e	4c7d64987168063b247c000f7d7938b50f99c724.mp4
http://swojs.ibict.br/portal/files/original/4ced30c369e1410c433e2a3730319b037f441d34.mp4	4382081	a1062da978504f4afaf1e9dde7be95fb0b893c32d5a8753744b2a58280bb9af0	4ced30c369e1410c433e2a3730319b037f441d34.mp4
http://swojs.ibict.br/portal/files/original/4dfc6b32123eea2a5e60ad4eba1c78787e85b16c.mp4	1522859	34e7bd23b0c087e7a892e62f15e132e25860049c483deca72ba75d85d95c417b	4dfc6b32123eea2a5e60ad4eba1c78787e85b16c.mp4
http://swojs.ibict.br/portal/files/original/4e1f7a34d26335ad65adadd555ea3b14a9428854.mp4	4324419	1df345843a013b7b68f857f87f48198da28d8f4018b825d80bf501ff2e158ce0	4e1f7a34d26335ad65adadd555ea3b14a9428854.mp4
http://swojs.ibict.br/portal/files/original/504bd1c0ea07ab9f3cc38eb361b6b67fe37d990d.mp4	6841156	c1c874152e36c2aaa57f42a729e51875a5ed17c9d9f73dd594e370412bc8c1e2	504bd1c0ea07ab9f3cc38eb361b6b67fe37d990d.mp4
http://swojs.ibict.br/portal/files/original/51776314b75017ac0af7b14a03de7ee78b2370ca.mp4	2295365	f8b489117b27fa15359fbd0101d502a9e0da78c8f6029221ebff71d450d657c3	51776314b75017ac0af7b14a03de7ee78b2370ca.mp4
http://swojs.ibict.br/portal/files/original/51ce8c3a34495a81b181d8b46b5e565236e2ade0.mp4	4029585	57937df71a9a035f3762d8f3a4d8b73b1cf667a7253c9140862eeb227d2b22d6	51ce8c3a34495a81b181d8b46b5e565236e2ade0.mp4
http://swojs.ibict.br/portal/files/original/5681442ef5eb39c5c297c68da8b65e797dac933c.mp4	2039949	4b7f20b3aa334235ded7eca07e356d25e7c77f6b97ce890a45384e2422b14ff9	5681442ef5eb39c5c297c68da8b65e797dac933c.mp4
http://swojs.ibict.br/portal/files/original/56f731c26c2af39377a21a7082eefa046e101657.mp4	2372592	8532923243831e50174b339d862c59e8a89ed1492e9bab653e579b0d3eb2246e	56f731c26c2af39377a21a7082eefa046e101657.mp4
http://swojs.ibict.br/portal/files/original/59fa4acd9cf32fe29e6c84fc5c84f840b331553d.mp4	3203824	ad4e52a3f4f491e30ba69a413f44db7dad6aada9277e21736f27c54026da2809	59fa4acd9cf32fe29e6c84fc5c84f840b331553d.mp4
http://swojs.ibict.br/portal/files/original/5a17df0f6f99c1ddfcb53cc505487aedfa7f1382.mp4	1750444	d1bc801b1dcc075c6a099f2ccd93a6d8e78e422f441b821bfaa83c2e4f3933cc	5a17df0f6f99c1ddfcb53cc505487aedfa7f1382.mp4
http://swojs.ibict.br/portal/files/original/5be420fa482af44849f9dde9d5437deca2130aa4.mp4	2464922	265f745cb136381ae2c5f4965c0433239ea6a480f527af572c647423cfb6c4c3	5be420fa482af44849f9dde9d5437deca2130aa4.mp4
http://swojs.ibict.br/portal/files/original/5ce621479b75c46f26580fe926c0a6572b7fdcc1.mp4	5685803	6126945e81e5e0fc4f8f423609855edd4eeb4a3b38a28afac6d839a13b1d7b04	5ce621479b75c46f26580fe926c0a6572b7fdcc1.mp4
http://swojs.ibict.br/portal/files/original/5e59a62c3a726b995b9c236d2e61a446fe569088.mp4	6620915	841465302d6b2391f47899d805368af748e5ac3c9b8b7c1f2ef1cf4944092729	5e59a62c3a726b995b9c236d2e61a446fe569088.mp4
http://swojs.ibict.br/portal/files/original/5f94777a72d6c948131e726afd26a9fafe711bd0.mp4	6446801	afe187de7ae182ba8f287ded76546c58579b5f1467ccfee6574874c55df27f24	5f94777a72d6c948131e726afd26a9fafe711bd0.mp4
http://swojs.ibict.br/portal/files/original/609a9374b9df78a0fa1f08883db315511c78d772.mp4	3524313	a9897741639d52bf6829389d28b5364076e160f85c45e9819cb8ec3bc28134ef	609a9374b9df78a0fa1f08883db315511c78d772.mp4
http://swojs.ibict.br/portal/files/original/6243cf2437dd921fc3eb42865fc78d770cddf6eb.mp4	4063216	fedf9d04928d03ea01f96da721132206c1cd9aecfe185ed59fe07fc37e532d07	6243cf2437dd921fc3eb42865fc78d770cddf6eb.mp4
http://swojs.ibict.br/portal/files/original/63760c89e8c7c414c432cfdf687c7344e25bb467.mp4	3891829	97e3a39e6f72234eb3614e9c114ee19e1714f15c6d8c42a7fffe0c803a99affa	63760c89e8c7c414c432cfdf687c7344e25bb467.mp4
http://swojs.ibict.br/portal/files/original/644bfeb0566d99c0e3b7358fb2e75597b9951423.mp4	15818691	9ceb5572b86a4677228b8367a18daec9a492286544a73373d9239655592dfb05	644bfeb0566d99c0e3b7358fb2e75597b9951423.mp4
http://swojs.ibict.br/portal/files/original/677fb110f63817715f72996f31ea561ffb018117.mp4	6719278	191425ca09915abd5c270f7894bd674762c10834da19155af54c6b27a2c1ef8d	677fb110f63817715f72996f31ea561ffb018117.mp4
http://swojs.ibict.br/portal/files/original/687d93bb5b09e17742e4087b5d483f146cc37cf5.mp4	2251501	ad42df59006061006c10235721df29e24bd3a7da9f995ada56a47480c5c19baa	687d93bb5b09e17742e4087b5d483f146cc37cf5.mp4
http://swojs.ibict.br/portal/files/original/6a5e3ee217f0b5f7c48ce7ed497f2874ece8a03a.mp4	3222369	c72f0453730253784a29a4b7c8c09b7ba97f4747a5bca087a4cdad6fdcf16cdc	6a5e3ee217f0b5f7c48ce7ed497f2874ece8a03a.mp4
http://swojs.ibict.br/portal/files/original/6c47727f6946abba24e747235c6f4e5d849872d1.mp4	4002614	a6e1329854ef706373d9773da49e65dfc1de7756f2fa845adc22dc6ca412d862	6c47727f6946abba24e747235c6f4e5d849872d1.mp4
http://swojs.ibict.br/portal/files/original/6c4a2b441ff22bca065f5f5fff82cd61b7de10e5.mp4	5595758	de0506f5b41a21a6aa9eba278a64ca0ff4ad1cb6ef91076ca1ac6759f1449fa9	6c4a2b441ff22bca065f5f5fff82cd61b7de10e5.mp4
http://swojs.ibict.br/portal/files/original/6cd2280843baf20a0593b41369126ee39fdcc4be.mp4	4133385	ba438e3ef28007e229899c2a3341111976468e23b996b107afb84bbcaa16b754	6cd2280843baf20a0593b41369126ee39fdcc4be.mp4
http://swojs.ibict.br/portal/files/original/6d511c2b5d2d807975bc681d2ecc6c37a59f750c.mp4	5439581	0627a8c09a401cb0cc895eac1d5785ffbf3df19c94c5b44e43c8b008c4540c58	6d511c2b5d2d807975bc681d2ecc6c37a59f750c.mp4
http://swojs.ibict.br/portal/files/original/6fdd79443cd4bb710becdc9e307db44bad80083b.mp4	4316755	ec2b504ea5d6e8449554da8d91181d1c5c8ed182090e17851fea5ef8121c1bac	6fdd79443cd4bb710becdc9e307db44bad80083b.mp4
http://swojs.ibict.br/portal/files/original/719df47aa2daaef6d6ef28873a30dfc2f20076aa.mp4	18428937	09ec244e86cd0c7f39e5de85d04c43b4b837a8c6973dd0581d6eed1c8785f66d	719df47aa2daaef6d6ef28873a30dfc2f20076aa.mp4
http://swojs.ibict.br/portal/files/original/738be5e738700342b823651744d43ab47891de90.mp4	2566436	1f9ef26d2fced4bd76f767f9d8ea94edf56d4d80c65c0ff47460e1989459cb1b	738be5e738700342b823651744d43ab47891de90.mp4
http://swojs.ibict.br/portal/files/original/73ed4ace7cca59891b430fa348e9f6c403b873c3.mp4	3037211	5a035e3e165b910635faaa2d0d553d860b55fdf7985accd9a5ecca82b1bf726d	73ed4ace7cca59891b430fa348e9f6c403b873c3.mp4
http://swojs.ibict.br/portal/files/original/742fd55904ab0acfa476005d5eb6075a0c695244.mp4	3274733	904b016cd48d432b8d5dca0eab52d9676e2c22103e90124d4378f9108bf1ce57	742fd55904ab0acfa476005d5eb6075a0c695244.mp4
http://swojs.ibict.br/portal/files/original/74ff0c3147b313a64460a925ced70f0df75c8a74.mp4	9224934	d67d056a6dcb9190d0db4cb50361eb932a0a416462f737b91cb2ceb683c2d88f	74ff0c3147b313a64460a925ced70f0df75c8a74.mp4
http://swojs.ibict.br/portal/files/original/750e8219574bda614aa1cf3108619c8fc9cfbb93.mp4	3353503	4960c0926af10882202aac72026a704b1d905f318f2116811eed5afa9cf6b301	750e8219574bda614aa1cf3108619c8fc9cfbb93.mp4
http://swojs.ibict.br/portal/files/original/758c22b5138955cb440e18e4722d9fd566dc53dc.mp4	1722752	fe178db685a68432f55ff5a3501cf13185c21d749b49f3d7f15b5130098230c6	758c22b5138955cb440e18e4722d9fd566dc53dc.mp4
http://swojs.ibict.br/portal/files/original/76508e38cf114cdad242edc91b2f46de53cff4df.mp4	8977764	98494cea7eede980a169fb4bed824e95433cbb15e2f6834aa0022cf0e51c5261	76508e38cf114cdad242edc91b2f46de53cff4df.mp4
http://swojs.ibict.br/portal/files/original/7790afa7055825b016f8c84b39287a08c1e3595f.mp4	2293683	77585c3c7d21ef1c22f8f2d6eb6167dd139d6b72cdf9c8b1a11ea950ae7b6ed6	7790afa7055825b016f8c84b39287a08c1e3595f.mp4
http://swojs.ibict.br/portal/files/original/7832d721253694672a512bd13c2aecd6414fbb90.mp4	5533189	68492e3018a5513089bbea49680cba1395341d5573cbc514f8de5d4bfa4907ee	7832d721253694672a512bd13c2aecd6414fbb90.mp4
http://swojs.ibict.br/portal/files/original/798571f7856b8fda23c61c04eb3814ab0c808a05.mp4	1453192	fbf0a673c34599f3835c6c853149794121cd377a8a901ab4c385f6ea65ed31b8	798571f7856b8fda23c61c04eb3814ab0c808a05.mp4
http://swojs.ibict.br/portal/files/original/79f18cdb9e74a9f82a3ebfbaa69a6ee5d0ec8ca9.mp4	3008990	87f8136204408b92bb76f84a586d6f80f732af32b37dae4e8537187828ed5cdc	79f18cdb9e74a9f82a3ebfbaa69a6ee5d0ec8ca9.mp4
http://swojs.ibict.br/portal/files/original/7c75cc59d4ca9f8ddf9c65f7b6ccbf77e7d4e788.mp4	2122076	ca8716a825f41019b654018932297942bfd8c1703d1f4f4eedbd8254da46d0bb	7c75cc59d4ca9f8ddf9c65f7b6ccbf77e7d4e788.mp4
http://swojs.ibict.br/portal/files/original/7e76b4803fb740aa39500601937d58b66995c8af.mp4	4426237	698368274ed47e496ac7fa6cd7159d9e6fb41b7acd07a8d4ca9ff21f29f4394e	7e76b4803fb740aa39500601937d58b66995c8af.mp4
http://swojs.ibict.br/portal/files/original/84543b58f187792430a6caefdd30a9aae816a95a.mp4	6060098	de91d718d3b40b9459adef571e7df0214796d311759723fb74de2046c86c09ea	84543b58f187792430a6caefdd30a9aae816a95a.mp4
http://swojs.ibict.br/portal/files/original/8577674cf2f605687cb95967cb066cdf394b2f3f.mp4	5182268	a7536ab8f644bd192f4be9b32e77843db71dd5bf0e31a7c116f12e1f4d7201b5	8577674cf2f605687cb95967cb066cdf394b2f3f.mp4
http://swojs.ibict.br/portal/files/original/864a458b961ce911db5823d56da65b9dca6a58f8.mp4	5804644	fbbd799484e9a7356935efaf4bdb0a7b1df02251e9a6f226d4ecee0d1da2bfa8	864a458b961ce911db5823d56da65b9dca6a58f8.mp4
http://swojs.ibict.br/portal/files/original/87093ca4948b75a26876d163f85c3b640b469b9b.mp4	2993350	779c38e06a75fe33d67dca8fc1cb3c168320c693c5b8b394c642907272c7d31f	87093ca4948b75a26876d163f85c3b640b469b9b.mp4
http://swojs.ibict.br/portal/files/original/8763add851f69ef3dd668a5acc467a0b16244e78.mp4	3235286	5fa4e456265702d10390877de0bfcbbb4943d5e2dab01e6dad4bc6d2d781e6bf	8763add851f69ef3dd668a5acc467a0b16244e78.mp4
http://swojs.ibict.br/portal/files/original/88397f8d6082e78bfb5570aa9d0371dc917ba699.mp4	3481252	3fd6cf215471b913df0282c11034ac66b4ed14bb86125e67db25ac2f2ff51d96	88397f8d6082e78bfb5570aa9d0371dc917ba699.mp4
http://swojs.ibict.br/portal/files/original/893fe00487ff9e66d67d8ea253cda8a22aaa5d93.mp4	4124648	1324212b2fcf94f408c04c67d30971f1b867d833355798ababccbd7c01201272	893fe00487ff9e66d67d8ea253cda8a22aaa5d93.mp4
http://swojs.ibict.br/portal/files/original/89cdde5fbf3668f6ba991be874188650395f18c1.mp4	6502784	3ed8c3b08f9bd2e1230d50094f55f23740e0e587c529e7734dbea47dcb6c2f2f	89cdde5fbf3668f6ba991be874188650395f18c1.mp4
http://swojs.ibict.br/portal/files/original/8cf6193f6062b8abf9d3b13b8b28fcc0be6e766b.mp4	5260311	6274cf503f2745c87058f16659d16a3a79dad946bf64781bb4fe6050c4002cae	8cf6193f6062b8abf9d3b13b8b28fcc0be6e766b.mp4
http://swojs.ibict.br/portal/files/original/909dda7fe81bf1939f5bfbb6d105914ad32f971a.mp4	3046078	e11248006a569ce27f9a644e7a71541cbf1c90cbbeba71d56591d8a0080e5662	909dda7fe81bf1939f5bfbb6d105914ad32f971a.mp4
http://swojs.ibict.br/portal/files/original/90aa44b14f00008364d9061c872477704674b3ba.mp4	4267898	98664d3d5e36a112c790630a87ad6d75e0be5993a2920e35100c177e62b02901	90aa44b14f00008364d9061c872477704674b3ba.mp4
http://swojs.ibict.br/portal/files/original/91bbcbb645a4f3046421f922a2379710b32d3b7b.mp4	2834594	052929d84d69649059747f1cefb6abc927f326cb8e1e41d044e5fe7860b9aa07	91bbcbb645a4f3046421f922a2379710b32d3b7b.mp4
http://swojs.ibict.br/portal/files/original/93dda8c018913d1ce2f6122197658692a97618aa.mp4	5214921	21645de71bfdec0cab7013a96f3249c09e3549ea054d83839b66c98fd0af06ce	93dda8c018913d1ce2f6122197658692a97618aa.mp4
http://swojs.ibict.br/portal/files/original/95497e96aab8943cacefe537b51c4d5fa7ef71cf.mp4	3946472	a27fb8cfed41508c9a03f6cdceea87104718ad05540c0175f4c11ba608c17250	95497e96aab8943cacefe537b51c4d5fa7ef71cf.mp4
http://swojs.ibict.br/portal/files/original/97c2be1e42714418999faad0ffc168a0b3e31878.mp4	6305717	3d8fd7118a3f559ef6d1e42d93bea5a975ff9898a533d7866ecd9758915cefdf	97c2be1e42714418999faad0ffc168a0b3e31878.mp4
http://swojs.ibict.br/portal/files/original/985229f6ddc9496c062635f3c587ba46e3bf62e9.mp4	2805416	1b6f3e766f7f36dc34b9c473d10e3c846a0fd520439d072385080610c5aadaf9	985229f6ddc9496c062635f3c587ba46e3bf62e9.mp4
http://swojs.ibict.br/portal/files/original/98e7bc21a3062fb9d9ef03e8b55558bf6bf55aa5.mp4	2695845	90ead192dde4dc95a8dee006b905046cd00b2098068c69f77349e2b0f23b8283	98e7bc21a3062fb9d9ef03e8b55558bf6bf55aa5.mp4
http://swojs.ibict.br/portal/files/original/9e24e0c03589230e18cf03b0f004daf9e6bfc47d.mp4	1717599	46de12f775d8d33ea6c6f88ff4118e8f60dfe1111dd5cf03e6b1d1668f34a102	9e24e0c03589230e18cf03b0f004daf9e6bfc47d.mp4
http://swojs.ibict.br/portal/files/original/9ef0c7a80254687e0a6f0414997a5df128f9d0bb.mp4	3053671	1e42067c0ba41e3f1b5b4943f0fd1c1a1b498f641b628ca172511b800a4dbe6e	9ef0c7a80254687e0a6f0414997a5df128f9d0bb.mp4
http://swojs.ibict.br/portal/files/original/9f552a386c36581f5c513e75d34df4767a095cac.mp4	3064663	e1e19af1327616a235311fec71b96f2354b64eff4b1f0080548ed234e43c5b14	9f552a386c36581f5c513e75d34df4767a095cac.mp4
http://swojs.ibict.br/portal/files/original/9faa7445ba78575524f5a4d58455c919f8c892b2.mp4	4482036	552c36c6138acdccfb6ba1d7a150c5caa735c8edadcdd04219b92fd3ef002002	9faa7445ba78575524f5a4d58455c919f8c892b2.mp4
http://swojs.ibict.br/portal/files/original/a03d894a8b67165d3224570d745bc4e09d48ddbe.mp4	5919099	48efbc3b5547638a4b392f584fd8d83eb08f0c25e9b314e7c2d716554e6f05ca	a03d894a8b67165d3224570d745bc4e09d48ddbe.mp4
http://swojs.ibict.br/portal/files/original/a0520124f0b9167d5532aa428171c26d11c7c538.mp4	2296197	e8225d4a929fa101904a8d148ba21fb3ec94af801b888560e52321beadcdb415	a0520124f0b9167d5532aa428171c26d11c7c538.mp4
http://swojs.ibict.br/portal/files/original/a18ed68f58b5cc168b6764d74828a89b05ca2e70.mp4	12926628	1f243d7bf1cc5f3ba8510c8562bceb59dab327f4342c52f4c11655537baff2ea	a18ed68f58b5cc168b6764d74828a89b05ca2e70.mp4
http://swojs.ibict.br/portal/files/original/a379aa5293fd17032bb3103401896b117fa2bab2.mp4	6555308	252cfb4a3238d25389527b5318f63c4093423a24868936f92972547b3f498149	a379aa5293fd17032bb3103401896b117fa2bab2.mp4
http://swojs.ibict.br/portal/files/original/a44581d1caf4ed8996a98191e8e60ab195d5a7dd.mp4	7759383	781b25a34d1c4dd88234cc7f5a578a88fe1b8459b91173e7f780d1ac187aaf1b	a44581d1caf4ed8996a98191e8e60ab195d5a7dd.mp4
http://swojs.ibict.br/portal/files/original/a449800f953e568419f8e5ec02612392a1c94068.mp4	5659723	c77e9fc5895ef844e9890e8c1d60f8d41ee5991d466ae2b075ce6c981767c280	a449800f953e568419f8e5ec02612392a1c94068.mp4
http://swojs.ibict.br/portal/files/original/a59f7f6e2c68dc6d26c4b38857defb6399b62ca3.mp4	6766593	c2972d72ee75c6aeeb25dd643a2b1257d0341cad49f3d6a4e23649571bc1f41c	a59f7f6e2c68dc6d26c4b38857defb6399b62ca3.mp4
http://swojs.ibict.br/portal/files/original/a772dcaed4dd06fc7fb95824a1f0b2ec197ead73.mp4	1470689	415977b7dd3cdf89f67f052db10d8260e7a6d968cea8867001af8288d8d7ce17	a772dcaed4dd06fc7fb95824a1f0b2ec197ead73.mp4
http://swojs.ibict.br/portal/files/original/a7e53ad1fa8fc0789ccf49cbeaf1f7f7fa6808f5.mp4	2120001	cf972e97e43efd983cbb4cc87165d8bcbb67aec8fbb53ab577471afd41ee9d63	a7e53ad1fa8fc0789ccf49cbeaf1f7f7fa6808f5.mp4
http://swojs.ibict.br/portal/files/original/a8228999167dacaf6ad10625cef73c7bc7221cf8.mp4	3989034	1063c84642118b544f34bc3f492df4f55d140f2fc166565b3fccb6a6eb8bf7e8	a8228999167dacaf6ad10625cef73c7bc7221cf8.mp4
http://swojs.ibict.br/portal/files/original/a8f3345d029ef4c47455327f8299ee0c743e748d.mp4	3686287	5a82dacf4ef2857bf1aa7927c4e28aee517e1abe570631cfade6d6acb6b938b1	a8f3345d029ef4c47455327f8299ee0c743e748d.mp4
http://swojs.ibict.br/portal/files/original/a93280e67b01dadacdb3ad125ff5ae0b0e8d4614.mp4	3764149	4a2eb36aa44aae30bd635c1552a1a44edc5e92d9d63a3d64dd857a8690e254aa	a93280e67b01dadacdb3ad125ff5ae0b0e8d4614.mp4
http://swojs.ibict.br/portal/files/original/a995cc4b545f9f8f9af5c434361363c59bca962b.mp4	1608014	f4e2fdf808528b70afb221f29caf3e6fb19aa497f89879accf92b7b71499f3a3	a995cc4b545f9f8f9af5c434361363c59bca962b.mp4
http://swojs.ibict.br/portal/files/original/abfb78b1a8d3520f41d7ecab8c4f91f57aac3f2a.mp4	2686367	dba30aa8731481e714828a69788dd563635f8d7e0298398ace49017af7583b9c	abfb78b1a8d3520f41d7ecab8c4f91f57aac3f2a.mp4
http://swojs.ibict.br/portal/files/original/acdfabff9170f10531ffcc57fd1f0de16a9d113f.mp4	2290372	13e298bc45c4ea03d3c781c111df5b3bd35d4c29c1b3e70289a01a9468752ee4	acdfabff9170f10531ffcc57fd1f0de16a9d113f.mp4
http://swojs.ibict.br/portal/files/original/ad552ba9cd83e15a7c67a37b90a9078bf8ed456b.mp4	15357443	67a4cef50812641a43daa8f5c19c3cb34e5218fccf7a37bbb35b6f4463258a90	ad552ba9cd83e15a7c67a37b90a9078bf8ed456b.mp4
http://swojs.ibict.br/portal/files/original/adf60c1015d8970994db134d1618cacad67133e8.mp4	12901439	176503ee4af30ee2feba8d5f460e469df6227b967b2124f277aeb14a7062d9bc	adf60c1015d8970994db134d1618cacad67133e8.mp4
http://swojs.ibict.br/portal/files/original/aeb9f759d6e602c70b97d030c61c9932833bc56b.mp4	13118989	207aaf344706cd798b99152beb711bbe04247f2c3a7d0c9025f93f2b471b2ad9	aeb9f759d6e602c70b97d030c61c9932833bc56b.mp4
http://swojs.ibict.br/portal/files/original/aef994cf822a5caa20305bf325ad1ab3fda10b0e.mp4	10505766	dd49edf2999c9858fb5f55593d97a6ae77341102a2412e5bb7cf831ad7e03a72	aef994cf822a5caa20305bf325ad1ab3fda10b0e.mp4
http://swojs.ibict.br/portal/files/original/b067046ecff43e6803ca999b34f6cefc7ddf63c9.mp4	8302588	42eebc88a180f29262e029eb322da3f6f805c9f131c3ecdf8206749d302f4a12	b067046ecff43e6803ca999b34f6cefc7ddf63c9.mp4
http://swojs.ibict.br/portal/files/original/b1013fb22edd40d9da00e2bbf0666a41e56e2f1a.mp4	9775872	8e70497c117aa5720ae04c2bc8dc9e95fdba9e6da62dd0aef8eadd002b155ed7	b1013fb22edd40d9da00e2bbf0666a41e56e2f1a.mp4
http://swojs.ibict.br/portal/files/original/b24d531f7e7558c3cd1d0afdb509db787a663c28.mp4	7144878	d9167b03bb1c6c72d3057e06a3bc8ecc83a8fa2624446695e05d94cbfe2a6a36	b24d531f7e7558c3cd1d0afdb509db787a663c28.mp4
http://swojs.ibict.br/portal/files/original/b3406c66401e62fa6deae58fd26c59eecf2a44b2.mp4	13017630	8eb7d4897d4219ed2996dd5d3fab8c92e945723b88f439439e50a3b1193406d6	b3406c66401e62fa6deae58fd26c59eecf2a44b2.mp4
http://swojs.ibict.br/portal/files/original/b38dc973ca27e6cd1299beb00d793a90fecd0442.mp4	2547639	30583bf2236a683c8fddf5eda442d335115a8307d99ca1a2cfa881e98f7120c3	b38dc973ca27e6cd1299beb00d793a90fecd0442.mp4
http://swojs.ibict.br/portal/files/original/b3c658cb6d5c77c8a7f02661ddac14d0972d6a50.mp4	1237943	877e5c254af728e388f247565cb4312073223821238b327adc09edf52b31f840	b3c658cb6d5c77c8a7f02661ddac14d0972d6a50.mp4
http://swojs.ibict.br/portal/files/original/b604f8b1102208797b2af3102cfffed676f3e75c.mp4	4809762	b4913569cb6f477445979bf06bd68e5f1f1629c50cdc9805db180e7c75061077	b604f8b1102208797b2af3102cfffed676f3e75c.mp4
http://swojs.ibict.br/portal/files/original/b62e8e061c925fd371bd949c17a8a22a64d22eb4.mp4	5871340	272401c8b375d7371c8cadba44a5d1cfd232c8ff18863ee51d3361e6397cea20	b62e8e061c925fd371bd949c17a8a22a64d22eb4.mp4
http://swojs.ibict.br/portal/files/original/b756bbb8f7e6402d3d47488b50a40b4d5f36407f.mp4	3749597	8e581f8a5fa282023acce6459d3fa7c5fc2b1ddb10d69d6082a78fad09f60c13	b756bbb8f7e6402d3d47488b50a40b4d5f36407f.mp4
http://swojs.ibict.br/portal/files/original/b91aec09ea996821ac991b041ada7a4b0ca4d378.mp4	2490855	235bfaa26385d57b5b008645a01078e99fb6b30d631f4d8161bbf6398020f6fc	b91aec09ea996821ac991b041ada7a4b0ca4d378.mp4
http://swojs.ibict.br/portal/files/original/b91fc907e868215f0ba76a8d5422aa267d7f5552.mp4	5504733	549268edee9653a7cc4bde10808ce5fb23a7f35bc9f8f96b0c3013a62f7481c3	b91fc907e868215f0ba76a8d5422aa267d7f5552.mp4
http://swojs.ibict.br/portal/files/original/b92c41412722c9748e23e9d532991ebf355971e9.mp4	67130278	1ec6381d01d9eb322dd090a2727556672b1e9c4975cc4ae7b67ccaed8fcf6b98	b92c41412722c9748e23e9d532991ebf355971e9.mp4
http://swojs.ibict.br/portal/files/original/bceb8b76c7843a21c36b4d080d887c34729fa60b.mp4	5956744	8f16c2d31b767cbcc1fa5c4e6bd8cd306bbf9cbdb1dd7d81b45c7744c3d8816a	bceb8b76c7843a21c36b4d080d887c34729fa60b.mp4
http://swojs.ibict.br/portal/files/original/bd7c557d1f4ce05b71449efcb33aee93de0b2ddf.mp4	4031260	04b6ef2debc7885234d4f1dc2b9636cdf7463e6aed1b9dca8a8ff83964fbd88b	bd7c557d1f4ce05b71449efcb33aee93de0b2ddf.mp4
http://swojs.ibict.br/portal/files/original/befd5c97599306e86623a96efee4b8f10588640f.mp4	3903579	e2c27c58cdbfa708ff81286a4236c75bac9550de50fdc3e4ee8619bbf8a599bf	befd5c97599306e86623a96efee4b8f10588640f.mp4
http://swojs.ibict.br/portal/files/original/bf25f9e28bd220d4f404fcafe2aeeeedc44e72a9.mp4	6325203	5d7d3fac837cd973c3e633fb57d80c67067e04405167440d36e8ee83c953769c	bf25f9e28bd220d4f404fcafe2aeeeedc44e72a9.mp4
http://swojs.ibict.br/portal/files/original/bf579aa10f5248251b3c8f5a678fb8a912887bce.mp4	1962451	f04703f36d0722612316f03648fb2f24a13eec36da357cf450b8ad3794538e28	bf579aa10f5248251b3c8f5a678fb8a912887bce.mp4
http://swojs.ibict.br/portal/files/original/c11440e1b85158349891f26b64b8e3e320373cb1.mp4	4144993	640ea9737a670a7a826d5f0ca292a2da2f4ce7064260f7a314f14b2bf284ebac	c11440e1b85158349891f26b64b8e3e320373cb1.mp4
http://swojs.ibict.br/portal/files/original/c141c938302adeaebadb05d2109f7e5f8df59ea9.mp4	7556007	a7dea90339696a401c3992f75ce33a1349358a95e1d50ba6a832eb61c409eb2d	c141c938302adeaebadb05d2109f7e5f8df59ea9.mp4
http://swojs.ibict.br/portal/files/original/c29b25afe3f63fbff75c29cb7d17594795546cc6.mp4	7715304	669b7b2f4c7da24f6b1f164b8f4bf12076c6ef38d916b3c8cbb9e3ad8a336c44	c29b25afe3f63fbff75c29cb7d17594795546cc6.mp4
http://swojs.ibict.br/portal/files/original/c3461e1144c123ba0ebf73550af947a8be14c352.mp4	3187573	c8cff94683d4f08647443bdefef63285ab16f2292803a3f52751802478a56e0e	c3461e1144c123ba0ebf73550af947a8be14c352.mp4
http://swojs.ibict.br/portal/files/original/c6a27a58f48ad0c13fe85286ce392161a7237e70.mp4	3482922	2ae46e26a566a0d77a7b685884f847fe5133ca3b3a4ef6c999094ce3df99eb1f	c6a27a58f48ad0c13fe85286ce392161a7237e70.mp4
http://swojs.ibict.br/portal/files/original/c75c3389b35e4cd4216b0974890aaca08e7c4c5a.mp4	4431701	73af5d16cea0c67d295b1ddb4229d62260515386daea9c2d8269780056691e3f	c75c3389b35e4cd4216b0974890aaca08e7c4c5a.mp4
http://swojs.ibict.br/portal/files/original/c7c68b54635300e060f4d29183253a5a0ddb3295.mp4	3863980	f4f256885e31dfe83476075906cc77a27ce638a37143d2fc88d2da6bf50b5146	c7c68b54635300e060f4d29183253a5a0ddb3295.mp4
http://swojs.ibict.br/portal/files/original/c8d4ec7a6e4783944097a24bd59a0ed650a6e632.mp4	1392895	3c1b3389d7b1946c8d4eda94821431f998f4bd6623d4df14e5a4e3f6403023ae	c8d4ec7a6e4783944097a24bd59a0ed650a6e632.mp4
http://swojs.ibict.br/portal/files/original/c9d71c1d1113ad4346dcde6893b2e33acd2789e2.mp4	2662897	0376323cea2007720013ee05b2fa66d922be25fb0eb02e4abe149b746eac0e0e	c9d71c1d1113ad4346dcde6893b2e33acd2789e2.mp4
http://swojs.ibict.br/portal/files/original/cac3d5dafa44dce2f9329beb8c6f74a3cba54fbb.mp4	3038011	c02e291f2c7f509df3f42d6858dc7cb55a82bb1491d51c8a47beb3e7631b66e4	cac3d5dafa44dce2f9329beb8c6f74a3cba54fbb.mp4
http://swojs.ibict.br/portal/files/original/cadeeb03045162fe033f476368530a5900ee6698.mp4	3168220	d1ffbc59cd4a087202ae82749f822bee4f2fdf17cd1887c60b26867320699057	cadeeb03045162fe033f476368530a5900ee6698.mp4
http://swojs.ibict.br/portal/files/original/cae54f71c9277528a54624206ee3b7d54dff4d17.mp4	4300272	93060030e4bd632a5f15df696e73688ec8ab0f1bb1e683c6a733b87f3130b665	cae54f71c9277528a54624206ee3b7d54dff4d17.mp4
http://swojs.ibict.br/portal/files/original/cb9f278e56b643a33ba37a10b9704b7d1b8b42d3.mp4	4111727	156ad43a8c29612b531dd46b909fd49295675bf50c985eb69097648324b75b8a	cb9f278e56b643a33ba37a10b9704b7d1b8b42d3.mp4
http://swojs.ibict.br/portal/files/original/cd96b2eeca1329778c21af1343fcb406f77e8e56.mp4	1551456	c301088f98e767cf4019933f51b360543c5f6f7b78bad6390b6e822ff3271e11	cd96b2eeca1329778c21af1343fcb406f77e8e56.mp4
http://swojs.ibict.br/portal/files/original/d041e02ae4209e06f6352fbf01942eba91139a67.mp4	7123789	7704678a899ba3eed65140405d3d2ae60b361b3addfdbe1d68f8889221cabbc2	d041e02ae4209e06f6352fbf01942eba91139a67.mp4
http://swojs.ibict.br/portal/files/original/d1f5e1a6f263ef5df9bbf2206cb753694cf66a43.mp4	4664022	cdc9ccbf296962fcba1ecb8a32f9012b508f76f4afb047b988f81284238c35d8	d1f5e1a6f263ef5df9bbf2206cb753694cf66a43.mp4
http://swojs.ibict.br/portal/files/original/d35e591ff752f04427b052076add5c4fa15252b5.mp4	16046558	d8242b9eeca7d987af1a75107809d76bd348c91b6cbe1dbdb59b6b903351dc92	d35e591ff752f04427b052076add5c4fa15252b5.mp4
http://swojs.ibict.br/portal/files/original/d4487f93eff23443e2f4e99ec7ea410e70c7caea.mp4	8219033	b0cf2eae931084f996b99c2314652fed5a8f094b850548e7bcb6479e641bf143	d4487f93eff23443e2f4e99ec7ea410e70c7caea.mp4
http://swojs.ibict.br/portal/files/original/d4667c75ceab3af40fad5e0f08fd00d7e52e9917.mp4	5216714	5b9d830c40295c2fcb59abbd4f6da96db97afd8f5bca1a788434a64e397db352	d4667c75ceab3af40fad5e0f08fd00d7e52e9917.mp4
http://swojs.ibict.br/portal/files/original/d5074426df15f3e5e7ed0f67fe275f9413df7fca.mp4	4497924	3a2ae135a7a4e6818ddea320e1a2c019eca017194dc9dad1306dad499d09d3d2	d5074426df15f3e5e7ed0f67fe275f9413df7fca.mp4
http://swojs.ibict.br/portal/files/original/d6c7d8d2e27737a82647221ba533656a6f80a840.mp4	3235286	5fa4e456265702d10390877de0bfcbbb4943d5e2dab01e6dad4bc6d2d781e6bf	d6c7d8d2e27737a82647221ba533656a6f80a840.mp4
http://swojs.ibict.br/portal/files/original/d744a0a24f2d0bdfd8da0c2b2ff44000c51fe796.mp4	4377350	b8a77b9f87c64f83002b7738ee50b53a92efca1e2d2725b75c31233e7c8a658c	d744a0a24f2d0bdfd8da0c2b2ff44000c51fe796.mp4
http://swojs.ibict.br/portal/files/original/d766a7fcb40ef327a7f16154d58255484caddf67.mp4	2619209	14e2bd0e0eabedf29f215ac79b69126ebda15664e4b851a1d11de66ddda6ea03	d766a7fcb40ef327a7f16154d58255484caddf67.mp4
http://swojs.ibict.br/portal/files/original/daf6588dcb75ab359ad8bf4d0d1af26551f7195f.mp4	2923236	16c325c43610b8acde7292bca34e9a199f39786e73267e9856dd5265c3c34c65	daf6588dcb75ab359ad8bf4d0d1af26551f7195f.mp4
http://swojs.ibict.br/portal/files/original/dbaf1a7edc8a172783657ba53b74d665b0bf825a.mp4	2101494	1a4c8e05c53fa9b79e707da7c467e2bc0c3f948fd286d7e70b2a2c199ad319e6	dbaf1a7edc8a172783657ba53b74d665b0bf825a.mp4
http://swojs.ibict.br/portal/files/original/dea4b9dad734a090627f4e72ac99091e89380b70.mp4	4029585	57937df71a9a035f3762d8f3a4d8b73b1cf667a7253c9140862eeb227d2b22d6	dea4b9dad734a090627f4e72ac99091e89380b70.mp4
http://swojs.ibict.br/portal/files/original/e06aa5a816263b3b288ae2f19e850c7f2f73957b.mp4	2281312	5a08f55814911c97176d264eb8441ab41df26b982dba1bd7190aea37b4c77244	e06aa5a816263b3b288ae2f19e850c7f2f73957b.mp4
http://swojs.ibict.br/portal/files/original/e5ae7af12f6c1baa758f3e9e6590d6a2091c3873.mp4	2670333	26fd89dda790a1c3a98e4808736c460991d2994b6a3d0546872f22c081350bf8	e5ae7af12f6c1baa758f3e9e6590d6a2091c3873.mp4
http://swojs.ibict.br/portal/files/original/e605f31ce82fb9e933289eb2aca158f3da4e8802.mp4	3340508	4820103e6d12b1d322a427d52fb8c44436a80c21166f544c927bbe957d73b774	e605f31ce82fb9e933289eb2aca158f3da4e8802.mp4
http://swojs.ibict.br/portal/files/original/e77757bb8f6c890ce303c2aef552134d5758ba0e.mp4	4787495	e32afcc07180255762f54b0786630049749e5c39a7e8feaefa9812efc350617c	e77757bb8f6c890ce303c2aef552134d5758ba0e.mp4
http://swojs.ibict.br/portal/files/original/e7f78ff3aa839371b2c6d82e3d48c73741d557f6.mp4	6181762	d2a54187e1c90e22f3e2080414de07b7de7465fa964cadcfcdc361430ec4b56c	e7f78ff3aa839371b2c6d82e3d48c73741d557f6.mp4
http://swojs.ibict.br/portal/files/original/e8d6759f8f903a695d72b71e62baa676abd28b8b.mp4	4235721	1010cc53585ac9b4a28c287a08fe1727e52249d45f0d6484de3271fd786b90b2	e8d6759f8f903a695d72b71e62baa676abd28b8b.mp4
http://swojs.ibict.br/portal/files/original/eba3f34df75f1572bc8b4696716da5547ea94c27.mp4	11704390	c08fc39f91c29bb5cde1929b32753309ec1faea8c4a40d39c121096288bded84	eba3f34df75f1572bc8b4696716da5547ea94c27.mp4
http://swojs.ibict.br/portal/files/original/ec4ebc86e1604d533705e9fc30d8de1a26d93103.mp4	6934530	033c95a3074c336f1bb97da137316c50bb662e33dc6d31427cd439559e84827d	ec4ebc86e1604d533705e9fc30d8de1a26d93103.mp4
http://swojs.ibict.br/portal/files/original/ed71174252e9911828328eb0e0aadb7546d4d1e8.mp4	4333209	cd40a243cc486d989fb9dd247716809c16276819f992f64a064ae9f773f3bdb4	ed71174252e9911828328eb0e0aadb7546d4d1e8.mp4
http://swojs.ibict.br/portal/files/original/eddfaf1e48f55429631bf2d9200d494041dad524.mp4	3951915	10d733ead6719668003e2ebb3cb28af985919c81c020d60e72b6963ccf6edeb8	eddfaf1e48f55429631bf2d9200d494041dad524.mp4
http://swojs.ibict.br/portal/files/original/eff55d44da9542d8ea3f2ac30e36c1316fdd3f7a.mp4	6256493	fbdfc07c29a6adb0f4c83762d6f89151a3ab264ba6bf2c33d3589d731c532f89	eff55d44da9542d8ea3f2ac30e36c1316fdd3f7a.mp4
http://swojs.ibict.br/portal/files/original/f0193c89b5c8024cdd2d788fcb55b454545749a6.mp4	7218791	d4582e6c33ede6ca3e1f3871a22d8e05ebb54f6f20ffceb8c10960f08a40b70e	f0193c89b5c8024cdd2d788fcb55b454545749a6.mp4
http://swojs.ibict.br/portal/files/original/f081d29629e9a1e7e7c34cf0d4ff42051240f64e.mp4	6550568	35b83a6b4d7d0814ea1f9c264e8eed426ced091b359e2abb9c6abfc8dc39ee02	f081d29629e9a1e7e7c34cf0d4ff42051240f64e.mp4
http://swojs.ibict.br/portal/files/original/f2320079a8e267ce6a2c2cfc9daf1839af28a401.mp4	3687683	e41ca32e294ffa75b88293d5d604fec3068c5131a162631833f0f18668d0a625	f2320079a8e267ce6a2c2cfc9daf1839af28a401.mp4
http://swojs.ibict.br/portal/files/original/f28444f00328faf3e2f3a2c2ab5c38d87065ba9c.mp4	5871340	272401c8b375d7371c8cadba44a5d1cfd232c8ff18863ee51d3361e6397cea20	f28444f00328faf3e2f3a2c2ab5c38d87065ba9c.mp4
http://swojs.ibict.br/portal/files/original/f48aeea2fdd25fb3128a3b5acdef8293afd9f284.mp4	13123194	2398f07dd38f577d79d0188749574d3c00be6e1aa858264603e431e4faa98dfe	f48aeea2fdd25fb3128a3b5acdef8293afd9f284.mp4
http://swojs.ibict.br/portal/files/original/f57fda04edcef92069c0cc0816bf37ed6336e647.mp4	1630408	bfad84eaffb58a81cc7448b42930e97ee04884f939cb2fb8065f033b9160c63f	f57fda04edcef92069c0cc0816bf37ed6336e647.mp4
http://swojs.ibict.br/portal/files/original/f5a105117fac1dbf8fc8fab3b0011042c7862f19.mp4	3594144	8cbe188d99fc4540d580295bf98bbbc6bc480b84a07fe2e5723b26b8884dcb6f	f5a105117fac1dbf8fc8fab3b0011042c7862f19.mp4
http://swojs.ibict.br/portal/files/original/f5ee5ea8771b40701a6fce168f53a250f3ab1ca5.mp4	5619910	58fc20b406c87760369127632c655f8a7fc3d6fdf1ee9eaccdfffc811e77ebdc	f5ee5ea8771b40701a6fce168f53a250f3ab1ca5.mp4
http://swojs.ibict.br/portal/files/original/f6a237b1171e83422a7a9cc79c45d44cb65ea0d6.mp4	4008560	010085108de0db2dbee68655d5a37e2df6e30fae4cbf11d70ffd4b41a96718da	f6a237b1171e83422a7a9cc79c45d44cb65ea0d6.mp4
http://swojs.ibict.br/portal/files/original/f7cb0b1317bf9622e1ba93603c29a283f2117433.mp4	14440730	eae375728846eb30c723b60275146165c2331f040364fd125783120fda323828	f7cb0b1317bf9622e1ba93603c29a283f2117433.mp4
http://swojs.ibict.br/portal/files/original/f8b28639ff519943665700fbaa566d45f7681032.mp4	4221968	2e6d8f0223cf17da62302e52ec09c04d190a96ecd13947c53770e9f18a52b43e	f8b28639ff519943665700fbaa566d45f7681032.mp4
http://swojs.ibict.br/portal/files/original/f923c0236526957bac334536d59d167cb75701c7.mp4	4290679	67575b1dc7ef003eb3e4b32ce50bb51cdc504743f7b73ba4ad188346af4a46e0	f923c0236526957bac334536d59d167cb75701c7.mp4
http://swojs.ibict.br/portal/files/original/fad3713d7a799b3a6edebd39c543d0c094969950.mp4	4086562	cf65b1f354543bcd81c434bfb83397be5514d29b497186a38c0ec65808eb3204	fad3713d7a799b3a6edebd39c543d0c094969950.mp4
http://swojs.ibict.br/portal/files/original/fae35cdb5faac683fbee464363d1561b94561362.mp4	2319272	938c000f7a369c9f2d2e813c00942874497766b58a2f0988484e9a918c65eb2f	fae35cdb5faac683fbee464363d1561b94561362.mp4
http://swojs.ibict.br/portal/files/original/fb41f909b5b14d487a4008bf3cf1d08df8531e35.mp4	2339932	e0fad8b0c675b0887f4be790806bbe68a268a19026ac90115f42fc2beaccaa26	fb41f909b5b14d487a4008bf3cf1d08df8531e35.mp4
http://swojs.ibict.br/portal/files/original/fbf47503af5f3f6449ab17af1161d226ea0bb681.mp4	4170911	0e4dea4d93c2d38975fd15094e03ba3a92b99d69bd90b2f10ea294853aa30ca4	fbf47503af5f3f6449ab17af1161d226ea0bb681.mp4
http://swojs.ibict.br/portal/files/original/fcdab8be38666121439cbbc7ed28d89a929fd568.mp4	1743298	0ba822cfdbdf8dd07c16a27339a7567bf9ebba21b94bf37eb390470ba329a5d3	fcdab8be38666121439cbbc7ed28d89a929fd568.mp4
http://swojs.ibict.br/portal/files/original/fcdf1bc2ef2c44858012ad8c8c181103e87cc41c.mp4	8715446	cf32de033b08d05cd424cee5a6d9a312b866237ad2108335e5efe7ed5b395aa6	fcdf1bc2ef2c44858012ad8c8c181103e87cc41c.mp4
http://swojs.ibict.br/portal/files/original/ff31ea570c148702c211bf33b0c1e7a608b1eeb1.mp4	5272600	f31dcad5d72662a1f3c8b2eaf05148d8f8e8e4cdbe03956ff729cb7f878689ef	ff31ea570c148702c211bf33b0c1e7a608b1eeb1.mp4
http://swojs.ibict.br/portal/files/original/ff52b097cc9e7cf467caef65070895673c1a9f20.mp4	9211900	31d6e7a561e233c9b8e745b1ddac8d6600b9f6c55e178b84d51d6c0d06bcb8e5	ff52b097cc9e7cf467caef65070895673c1a9f20.mp4
http://swojs.ibict.br/videos/about.onlineSubmissions.viewSubmissions.mp4	5439581	0627a8c09a401cb0cc895eac1d5785ffbf3df19c94c5b44e43c8b008c4540c58	about.onlineSubmissions.viewSubmissions.mp4
http://swojs.ibict.br/videos/about_contact.mp4	4062985	1c1ab65ec3f4ce3053b16d92a03207510420d55845530b7242b6219408c99125	about_contact.mp4
http://swojs.ibict.br/videos/announcement_posted.mp4	3340508	4820103e6d12b1d322a427d52fb8c44436a80c21166f544c927bbe957d73b774	announcement_posted.mp4
http://swojs.ibict.br/videos/article.articles.mp4	2251501	ad42df59006061006c10235721df29e24bd3a7da9f995ada56a47480c5c19baa	article.articles.mp4
http://swojs.ibict.br/videos/author.submit.confirmation.mp4	1750444	d1bc801b1dcc075c6a099f2ccd93a6d8e78e422f441b821bfaa83c2e4f3933cc	author.submit.confirmation.mp4
http://swojs.ibict.br/videos/author.submit.journalSection.mp4	2290372	13e298bc45c4ea03d3c781c111df5b3bd35d4c29c1b3e70289a01a9468752ee4	author.submit.journalSection.mp4
http://swojs.ibict.br/videos/author.submit.nextSteps.mp4	1717599	46de12f775d8d33ea6c6f88ff4118e8f60dfe1111dd5cf03e6b1d1668f34a102	author.submit.nextSteps.mp4
http://swojs.ibict.br/videos/author.submit.start.mp4	2732704	c3c92bcf95095861a15b37c0a024c4bb7668f49c595618c970ea8498a057791b	author.submit.start.mp4
http://swojs.ibict.br/videos/author.submit.upload.mp4	5214970	2f0cdf30a40c32d18955107f003dc343031dba18019091bee6fb03ecb8f3b30f	author.submit.upload.mp4
http://swojs.ibict.br/videos/common.id.mp4	1453192	fbf0a673c34599f3835c6c853149794121cd377a8a901ab4c385f6ea65ed31b8	common.id.mp4
http://swojs.ibict.br/videos/common_country.mp4	4188204	4d0d8cba94192d56b3b4af5081677c56138ffd0754e17539c7078d02f5434ea7	common_country.mp4
http://swojs.ibict.br/videos/common_language.mp4	2293683	77585c3c7d21ef1c22f8f2d6eb6167dd139d6b72cdf9c8b1a11ea950ae7b6ed6	common_language.mp4
http://swojs.ibict.br/videos/current_noCurrentIssue.mp4	2652425	a26e9e6729f9ae9c72141f7ceb8859d147a0e98012d384962842f3b5672e906e	current_noCurrentIssue.mp4
http://swojs.ibict.br/videos/current_noCurrentIssueDesc.mp4	4031260	04b6ef2debc7885234d4f1dc2b9636cdf7463e6aed1b9dca8a8ff83964fbd88b	current_noCurrentIssueDesc.mp4
http://swojs.ibict.br/videos/grid.columns.locale.mp4	1913731	869ab4e49660b3567dcfc010f387e87a1d4e8f9c50d79c3077b471ce6e04c63e	grid.columns.locale.mp4
http://swojs.ibict.br/videos/grid.noItems.mp4	3037211	5a035e3e165b910635faaa2d0d553d860b55fdf7985accd9a5ecca82b1bf726d	grid.noItems.mp4
http://swojs.ibict.br/videos/issue_fullIssue.mp4	4235721	1010cc53585ac9b4a28c287a08fe1727e52249d45f0d6484de3271fd786b90b2	issue_fullIssue.mp4
http://swojs.ibict.br/videos/manager_publication_editorialStage.mp4	2993350	779c38e06a75fe33d67dca8fc1cb3c168320c693c5b8b394c642907272c7d31f	manager_publication_editorialStage.mp4
http://swojs.ibict.br/videos/navigation_infoForAuthors.mp4	4333209	cd40a243cc486d989fb9dd247716809c16276819f992f64a064ae9f773f3bdb4	navigation_infoForAuthors.mp4
http://swojs.ibict.br/videos/navigation_login.mp4	4324419	1df345843a013b7b68f857f87f48198da28d8f4018b825d80bf501ff2e158ce0	navigation_login.mp4
http://swojs.ibict.br/videos/submission.mySubmissions.mp4	2662897	0376323cea2007720013ee05b2fa66d922be25fb0eb02e4abe149b746eac0e0e	submission.mySubmissions.mp4
http://swojs.ibict.br/videos/submissions.incomplete.mp4	2490855	235bfaa26385d57b5b008645a01078e99fb6b30d631f4d8161bbf6398020f6fc	submissions.incomplete.mp4
http://swojs.ibict.br/videos/user_email.mp4	4029585	57937df71a9a035f3762d8f3a4d8b73b1cf667a7253c9140862eeb227d2b22d6	user_email.mp4
http://swojs.ibict.br/videos/user_firstName.mp4	2619209	14e2bd0e0eabedf29f215ac79b69126ebda15664e4b851a1d11de66ddda6ea03	user_firstName.mp4
http://swojs.ibict.br/videos/user_lastName.mp4	3189580	caa632cc4559a56f348e10a3d18f47dfa6de5d23a286f7d9457f79537838d37c	user_lastName.mp4
http://swojs.ibict.br/videos/user_login_registrationComplete_continueBrowsing.mp4	3257058	33562fbd78059193e9c8897937e572500a189cd5bb3f36dbfcd580f2e93f9329	user_login_registrationComplete_continueBrowsing.mp4
http://swojs.ibict.br/videos/user_middleName.mp4	4363815	09e7bb2b3b12e7911dc830208341d17b401c59d163f57fd79161cf631a9f214e	user_middleName.mp4
http://swojs.ibict.br/videos/user_password.mp4	5148504	f70dd98382bbee65ab80bc538a53abf12d8236c9eccdb96605a5ec8c48187243	user_password.mp4
http://swojs.ibict.br/videos/user_register.mp4	3235286	5fa4e456265702d10390877de0bfcbbb4943d5e2dab01e6dad4bc6d2d781e6bf	user_register.mp4
http://swojs.ibict.br/videos/user_repeatPassword.mp4	4111727	156ad43a8c29612b531dd46b909fd49295675bf50c985eb69097648324b75b8a	user_repeatPassword.mp4
http://swojs.ibict.br/videos/user_username.mp4	3946472	a27fb8cfed41508c9a03f6cdceea87104718ad05540c0175f4c11ba608c17250	user_username.mp4
http://swojs.ibict.br/videos/workflow.stage.mp4	1608014	f4e2fdf808528b70afb221f29caf3e6fb19aa497f89879accf92b7b71499f3a3	workflow.stage.mp4
